NO-TARGET	AAACGGTACGACAGCGTGTG
NO-TARGET	AAATGCACAGATCGCTGATC
NO-TARGET	ACGTTCGAGTACGACCAGCT
NO-TARGET	ACTTACGGCACTCGCATGCC
NO-TARGET	AGAATGCCATCTAGTTAGTA
NO-TARGET	AGACACGTCACCGGTCAAAA
NO-TARGET	AGTTGAATGGACCTCGACTA
NO-TARGET	ATCAGGCCTTGTCCGTGATT
NO-TARGET	ATCCATGTGGTTACAATATT
NO-TARGET	ATGATATCTGACATGCAGCG
NO-TARGET	ATTGCTCTGTCGCATCAATC
NO-TARGET	CAAACAGTCTAAGGCGACGA
NO-TARGET	CAAATACAATTACTTATAGC
NO-TARGET	CAAGCATTTAGACACCTGTC
NO-TARGET	CAGCGGTGCTATTTGGTCTT
NO-TARGET	CATTGTTGAGCGGGCGCGCT
NO-TARGET	CGAATCGGAACTTTGTACCG
NO-TARGET	CGCCCGTTTATGTGGCTACC
NO-TARGET	CGGTGCTGTGAAAGCCGAGC
NO-TARGET	CGTAGTAAATATCTAGCTAA
NO-TARGET	CGTCGGGTAGCTATTTCTTT
NO-TARGET	CTAAAATTTTTGCGTGTTTG
NO-TARGET	CTAATCACGACCTCACCCTA
NO-TARGET	CTAGAGGGGTATAGCAACAA
NO-TARGET	CTATCTCGAGTGGTAATGCG
NO-TARGET	CTTACGCGCCTGGTCAAAAG
NO-TARGET	CTTAGGATTCCGAGGTATCT
NO-TARGET	GAAACGAGAAGTTTGTACTA
NO-TARGET	GAAATGCTATGCTTCGGTTC
NO-TARGET	GATTTTAGCTTAGGTCTTAC
NO-TARGET	GCAAACCCGAGTGACACGTC
NO-TARGET	GGTACTGGAAGTCCGAAACC
NO-TARGET	GTACATTCCAGTATTCACGC
NO-TARGET	GTACCCCTATGGCCGTTCTA
NO-TARGET	GTGAGATGCACCTTTTGGCC
NO-TARGET	GTGATAATGATGTATTCTCG
NO-TARGET	GTGCGACGAATTGTCCTGAG
NO-TARGET	TACATGGTATAGTGTTTATT
NO-TARGET	TAGATCGAGTTTATTTTCCT
NO-TARGET	TAGGAGCTGTATCTAGTGGC
NO-TARGET	TATAGCTGTTTCGAAGGCGC
NO-TARGET	TCGGCATACGGGACACACGC
NO-TARGET	TCTACGTGTAGTTGTACATA
NO-TARGET	TCTGGCTTGACACGACCGTT
NO-TARGET	TGGGAATTCCTCGGCCGATT
NO-TARGET	TGTTCTACTTTCGAAGTTAA
